N,N_pos,N_neg,ratio,disc_pos,disc_neg,a,b,ab_squared,delta_BA_true,reject_rate,reject_se,z_mean,z_std,var_BA_mean,delta_BA_mean,delta_BA_std,n_sim,part,part_name,type,effect_type,expected_disc_count,N_minority
50,25,25,1.0,0.5,0.5,0.0,0.0,0.0,0.0,0.06068,0.0010676885088826236,0.0028051634212692333,1.0419972721669812,0.00959760192,0.0002636000000000001,0.0999660868246827,50000,1,Ratio_Type1,Type1,ratio=1.0,,
50,17,33,0.5,0.5,0.5,0.0,0.0,0.0,0.0,0.0654,0.0011056476834869235,0.004855481992050999,1.0574900073214981,0.01058862518453588,0.0004931550802139039,0.10540919865752045,50000,1,Ratio_Type1,Type1,ratio=0.5,,
50,12,38,0.3,0.5,0.5,0.0,0.0,0.0,0.0,0.07594,0.0011846781537616028,0.002560357964460402,1.1027629633617215,0.012751539570795738,0.0002170614035087719,0.11758161099552947,50000,1,Ratio_Type1,Type1,ratio=0.3,,
50,8,42,0.2,0.5,0.5,0.0,0.0,0.0,0.0,0.0962,0.0013186778226693585,0.014012731160454088,1.1830603839360105,0.01655667500978566,0.001626309523809524,0.13642497590827396,50000,1,Ratio_Type1,Type1,ratio=0.2,,
50,5,45,0.1,0.5,0.5,0.0,0.0,0.0,0.0,0.13168,0.0015122194126514841,-0.005409031766963534,1.3661227313604993,0.022754887791495194,-0.000514888888888889,0.16604412346968145,50000,1,Ratio_Type1,Type1,ratio=0.1,,
100,50,50,1.0,0.5,0.5,0.0,0.0,0.0,0.0,0.05382,0.0010091918311203277,-0.006197264378380406,1.0170235331520057,0.00489378336,-0.00041040000000000006,0.07042257856568446,50000,1,Ratio_Type1,Type1,ratio=1.0,,
100,33,67,0.5,0.5,0.5,0.0,0.0,0.0,0.0,0.05902,0.001053913085600516,-0.003099738051719436,1.0313469864878622,0.005509969374462729,-0.0002243012211668929,0.07536945515754104,50000,1,Ratio_Type1,Type1,ratio=0.5,,
100,23,77,0.3,0.5,0.5,0.0,0.0,0.0,0.0,0.06212,0.0010794545437395684,0.003391480387853371,1.0483966617131184,0.006805933739208292,0.00019636928289102197,0.08398878242195838,50000,1,Ratio_Type1,Type1,ratio=0.3,,
100,17,83,0.2,0.5,0.5,0.0,0.0,0.0,0.0,0.06998,0.0011409013945122514,-0.003612657596723402,1.0769968907959002,0.008432327265671417,-0.00029371367824238107,0.09445181783941267,50000,1,Ratio_Type1,Type1,ratio=0.2,,
100,9,91,0.1,0.5,0.5,0.0,0.0,0.0,0.0,0.097,0.0013235633721133265,0.000616632304514104,1.1837308448773074,0.013688005841574518,-4.737484737484765e-06,0.12351662609295037,50000,1,Ratio_Type1,Type1,ratio=0.1,,
200,100,100,1.0,0.5,0.5,0.0,0.0,0.0,0.0,0.05382,0.0010091918311203277,0.0015579890155721955,1.009645021030986,0.0024762785250000002,7.529999999999995e-05,0.05000059829552042,50000,1,Ratio_Type1,Type1,ratio=1.0,,
200,67,133,0.5,0.5,0.5,0.0,0.0,0.0,0.0,0.05272,0.0009994058394866422,0.004863547195594706,1.0157047282157894,0.0027703987050050416,0.0002714128605094827,0.05305125102408412,50000,1,Ratio_Type1,Type1,ratio=0.5,,
200,46,154,0.3,0.5,0.5,0.0,0.0,0.0,0.0,0.05484,0.0010181608360175715,0.005172810338418379,1.02005905222035,0.0034629349304612913,0.0003292941840767927,0.059220012687040434,50000,1,Ratio_Type1,Type1,ratio=0.3,,
200,33,167,0.2,0.5,0.5,0.0,0.0,0.0,0.0,0.0604,0.0010653810585888976,0.0043901167989916345,1.0378255084015984,0.004422558752189824,0.0002840990745781166,0.06740624971734041,50000,1,Ratio_Type1,Type1,ratio=0.2,,
200,18,182,0.1,0.5,0.5,0.0,0.0,0.0,0.0,0.07194,0.0011555486696803385,0.0012098105407152041,1.0831667154332936,0.0072553256803833755,6.210012210012198e-05,0.0877010800823632,50000,1,Ratio_Type1,Type1,ratio=0.1,,
500,250,250,1.0,0.5,0.5,0.0,0.0,0.0,0.0,0.0535,0.0010063572924165652,0.007830135897260298,1.0104212983079184,0.00099610426048,0.00024512000000000004,0.03182347178083497,50000,1,Ratio_Type1,Type1,ratio=1.0,,
500,167,333,0.5,0.5,0.5,0.0,0.0,0.0,0.0,0.05202,0.0009931154978148312,-0.0005377940109457788,1.0089728756943015,0.0011183244566447849,-1.5956375537213798e-05,0.033643677434622946,50000,1,Ratio_Type1,Type1,ratio=0.5,,
500,115,385,0.3,0.5,0.5,0.0,0.0,0.0,0.0,0.05326,0.0010042247995344469,-0.004429452406076921,1.0099219885760078,0.0014008343551758326,-0.00016040880858272168,0.03759038752058764,50000,1,Ratio_Type1,Type1,ratio=0.3,,
500,83,417,0.2,0.5,0.5,0.0,0.0,0.0,0.0,0.05286,0.0010006579875262076,-0.0028309995162991244,1.0109133959312897,0.0017862127882645018,-0.00011806939990176536,0.04235586481950936,50000,1,Ratio_Type1,Type1,ratio=0.2,,
500,45,455,0.1,0.5,0.5,0.0,0.0,0.0,0.0,0.0587,0.0010512308024406439,0.003616288163093393,1.0331040661197906,0.0029894677381357634,0.0002069010989010989,0.05543283799094171,50000,1,Ratio_Type1,Type1,ratio=0.1,,
1000,500,500,1.0,0.5,0.5,0.0,0.0,0.0,0.0,0.0498,0.0009728305093899965,-0.0029725118231126828,1.000777057322615,0.0004990484188800001,-6.508000000000001e-05,0.02233357930546736,50000,1,Ratio_Type1,Type1,ratio=1.0,,
1000,333,667,0.5,0.5,0.5,0.0,0.0,0.0,0.0,0.05032,0.0009776287393484298,-0.0020466884516661473,0.9993743101156588,0.0005613598382108552,-4.453268861064965e-05,0.023637765950961863,50000,1,Ratio_Type1,Type1,ratio=0.5,,
1000,231,769,0.3,0.5,0.5,0.0,0.0,0.0,0.0,0.05138,0.0009873205720534745,-0.004763245146309821,1.0043298232965372,0.0007013820523054151,-0.00012191618957548734,0.026525236493154088,50000,1,Ratio_Type1,Type1,ratio=0.3,,
1000,167,833,0.2,0.5,0.5,0.0,0.0,0.0,0.0,0.0514,0.0009875023037947811,-0.0019215012908586411,1.007693777613264,0.0008942069547001363,-5.467137753304916e-05,0.030002152047073533,50000,1,Ratio_Type1,Type1,ratio=0.2,,
1000,91,909,0.1,0.5,0.5,0.0,0.0,0.0,0.0,0.0529,0.0010010153844971616,0.0014867033519393618,1.0098700616966974,0.0014951300901286818,6.481364619978478e-05,0.038685314911357,50000,1,Ratio_Type1,Type1,ratio=0.1,,
2000,1000,1000,1.0,0.5,0.5,0.0,0.0,0.0,0.0,0.05062,0.0009803837575153925,0.006609793185469204,1.0015372319742788,0.00024976012832999997,0.00010513999999999997,0.015819560536892294,50000,1,Ratio_Type1,Type1,ratio=1.0,,
2000,667,1333,0.5,0.5,0.5,0.0,0.0,0.0,0.0,0.05002,0.0009748640889888191,0.003475432299064705,0.9995132224821074,0.00028079675170334485,5.8778037837795246e-05,0.01673292741327766,50000,1,Ratio_Type1,Type1,ratio=0.5,,
2000,462,1538,0.3,0.5,0.5,0.0,0.0,0.0,0.0,0.0501,0.0009756022755201014,-0.005839349966440911,1.0011999679639623,0.0003512497354995729,-0.00010741560130376778,0.01874201459190105,50000,1,Ratio_Type1,Type1,ratio=0.3,,
2000,333,1667,0.2,0.5,0.5,0.0,0.0,0.0,0.0,0.05012,0.0009757867144002321,0.004605236141611634,0.9985982905904742,0.0004490988654259434,0.00010218091516831766,0.021114844247272824,50000,1,Ratio_Type1,Type1,ratio=0.2,,
2000,182,1818,0.1,0.5,0.5,0.0,0.0,0.0,0.0,0.05222,0.0009949178016298633,-0.0005262250908212721,1.0066747514773013,0.000751949403023767,-9.248600684244214e-06,0.02747955908062828,50000,1,Ratio_Type1,Type1,ratio=0.1,,
5000,2500,2500,1.0,0.5,0.5,0.0,0.0,0.0,0.0,0.05016,0.0009761554630283027,-0.006397315426072315,1.0032555199419366,9.996451010464001e-05,-6.378e-05,0.010028487030035987,50000,1,Ratio_Type1,Type1,ratio=1.0,,
5000,1667,3333,0.5,0.5,0.5,0.0,0.0,0.0,0.0,0.05038,0.0009781805109487717,-0.00488658851086103,1.0047428855189964,0.00011243146202225634,-5.2158522390931345e-05,0.010649640591257434,50000,1,Ratio_Type1,Type1,ratio=0.5,,
5000,1154,3846,0.3,0.5,0.5,0.0,0.0,0.0,0.0,0.05196,0.0009925740113462572,0.0008488760170415282,1.0031915310398403,0.00014071396924833512,9.667087550053118e-06,0.011893092626616725,50000,1,Ratio_Type1,Type1,ratio=0.3,,
5000,833,4167,0.2,0.5,0.5,0.0,0.0,0.0,0.0,0.05082,0.0009822151251126202,-0.006536788239444394,1.0043185721291548,0.00017990676485092163,-8.780720639587727e-05,0.013461821311196177,50000,1,Ratio_Type1,Type1,ratio=0.2,,
5000,455,4545,0.1,0.5,0.5,0.0,0.0,0.0,0.0,0.0512,0.000985683113378737,0.005251136290120903,1.0070600714670777,0.00030166102814271597,9.199231131904401e-05,0.017458090526474766,50000,1,Ratio_Type1,Type1,ratio=0.1,,
30,15,15,1.0,0.25,0.25,0.0,-0.0,0.0,0.0,0.07226,0.0011579161662227538,-0.005414536178034332,1.0741251134399683,0.007779906964752843,-0.0004346666666666667,0.09164781599143539,50000,2,Expected_Disc_Count,Type1,disc_0.25,3.75,
30,15,15,1.0,0.3,0.3,0.0,-0.0,0.0,0.0,0.07206,0.001156437256404341,0.005974413000770287,1.0697524646665793,0.009331054814814815,0.0006800000000000002,0.09977009037448714,50000,2,Expected_Disc_Count,Type1,disc_0.3,4.5,
30,15,15,1.0,0.35,0.35,0.0,-0.0,0.0,0.0,0.07092,0.0011479577831958803,0.006100890597907178,1.07573818243975,0.010865887407407408,0.000566,0.10806053694110539,50000,2,Expected_Disc_Count,Type1,disc_0.35,5.25,
30,15,15,1.0,0.4,0.4,0.0,-0.0,0.0,0.0,0.06756,0.0011224584304106767,0.005506067531095864,1.07230952443555,0.012443552592592593,0.0005933333333333334,0.11540500258750583,50000,2,Expected_Disc_Count,Type1,disc_0.4,6.0,
30,15,15,1.0,0.45,0.45,0.0,-0.0,0.0,0.0,0.06726,0.0011201436729277186,0.00098048473768314,1.0741908112078653,0.014013866666666666,0.00018000000000000007,0.12233547155261225,50000,2,Expected_Disc_Count,Type1,disc_0.45,6.75,
30,15,15,1.0,0.5,0.5,0.0,-0.0,0.0,0.0,0.0653,0.001104861167749143,-0.009684808799688934,1.0667398290409058,0.015576056296296294,-0.0011466666666666667,0.12824688274314247,50000,2,Expected_Disc_Count,Type1,disc_0.5,7.5,
40,20,20,1.0,0.25,0.25,0.0,-0.0,0.0,0.0,0.0717,0.0011537686943230865,-0.002089132642476753,1.0556464642086527,0.005931331126622532,-0.00015899999999999996,0.07927972451390078,50000,2,Expected_Disc_Count,Type1,disc_0.25,5.0,
40,20,20,1.0,0.3,0.3,0.0,-0.0,0.0,0.0,0.0694,0.0011365178397192012,-0.0023412314026612507,1.0581951315406697,0.007112695,-0.00014199999999999996,0.08690601150668462,50000,2,Expected_Disc_Count,Type1,disc_0.3,6.0,
40,20,20,1.0,0.35,0.35,0.0,-0.0,0.0,0.0,0.06588,0.001109412687866873,-0.0003844781785686355,1.0512676161677499,0.0083223225,-0.00010899999999999997,0.09333883499915777,50000,2,Expected_Disc_Count,Type1,disc_0.35,7.0,
40,20,20,1.0,0.4,0.4,0.0,-0.0,0.0,0.0,0.06684,0.0011168922454740206,0.001073801064788419,1.0556446841074454,0.009491238124999997,6.04999999999999e-05,0.10009300095286383,50000,2,Expected_Disc_Count,Type1,disc_0.4,8.0,
40,20,20,1.0,0.45,0.45,0.0,-0.0,0.0,0.0,0.06552,0.0011065905258947411,-0.008829678305177262,1.0534204359803363,0.010700514374999998,-0.0008794999999999999,0.10609118238454128,50000,2,Expected_Disc_Count,Type1,disc_0.45,9.0,
40,20,20,1.0,0.5,0.5,0.0,-0.0,0.0,0.0,0.06698,0.001117977455944439,0.0030206869199213052,1.0557808581721422,0.011880300625,0.0003245,0.11188658185747744,50000,2,Expected_Disc_Count,Type1,disc_0.5,10.0,
50,25,25,1.0,0.25,0.25,0.0,-0.0,0.0,0.0,0.06606,0.0011108202050737104,0.0030806651613198358,1.0435659852156383,0.00480281344,0.00012759999999999996,0.07079440456872281,50000,2,Expected_Disc_Count,Type1,disc_0.25,6.25,
50,25,25,1.0,0.3,0.3,0.0,-0.0,0.0,0.0,0.0647,0.0011001264472777664,0.004035599212148014,1.043141922763052,0.005769999359999999,0.0002075999999999999,0.07752262187413426,50000,2,Expected_Disc_Count,Type1,disc_0.3,7.5,
50,25,25,1.0,0.35,0.35,0.0,-0.0,0.0,0.0,0.0619,0.0010776677595622872,-0.003944935982280765,1.0424948470112547,0.00672178304,-0.0002688000000000001,0.08350630962124958,50000,2,Expected_Disc_Count,Type1,disc_0.35,8.75,
50,25,25,1.0,0.4,0.4,0.0,-0.0,0.0,0.0,0.06076,0.0010683465954455043,-0.0019360550687517923,1.0418087138641123,0.00767807552,-0.00014960000000000003,0.08941280456310494,50000,2,Expected_Disc_Count,Type1,disc_0.4,10.0,
50,25,25,1.0,0.45,0.45,0.0,-0.0,0.0,0.0,0.05964,0.0010590851750449535,-0.008169171808003353,1.0385325144306918,0.008643380479999999,-0.0007364,0.09455280913352074,50000,2,Expected_Disc_Count,Type1,disc_0.45,11.25,
50,25,25,1.0,0.5,0.5,0.0,-0.0,0.0,0.0,0.06128,0.001072611407733481,-0.005179955577063789,1.0449128839881423,0.00959117568,-0.0004792,0.10018611863606655,50000,2,Expected_Disc_Count,Type1,disc_0.5,12.5,
60,30,30,1.0,0.25,0.25,0.0,-0.0,0.0,0.0,0.05978,0.001060248570854967,0.0015194558751008974,1.0367966816422685,0.00402943,8.600000000000003e-05,0.06467666025528666,50000,2,Expected_Disc_Count,Type1,disc_0.25,7.5,
60,30,30,1.0,0.3,0.3,0.0,-0.0,0.0,0.0,0.05808,0.0010460087341891558,-0.0061492591613797115,1.0336848071096352,0.004831987777777777,-0.00043466666666666675,0.0706240434224304,50000,2,Expected_Disc_Count,Type1,disc_0.3,9.0,
60,30,30,1.0,0.35,0.35,0.0,-0.0,0.0,0.0,0.05546,0.0010235642471286305,0.0030972172752474613,1.0331094355186785,0.005644422037037037,0.00026300000000000005,0.07620763120070208,50000,2,Expected_Disc_Count,Type1,disc_0.35,10.5,
60,30,30,1.0,0.4,0.4,0.0,-0.0,0.0,0.0,0.05732,0.0010395616152975252,-0.0008311263003716553,1.0345086206238294,0.006440787777777778,-1.3333333333333357e-05,0.0815781141674108,50000,2,Expected_Disc_Count,Type1,disc_0.4,12.0,
60,30,30,1.0,0.45,0.45,0.0,-0.0,0.0,0.0,0.05718,0.0010383684086103543,-0.00023244023671665964,1.0348313523448351,0.007253046481481482,-1.5666666666666694e-05,0.08659538593751209,50000,2,Expected_Disc_Count,Type1,disc_0.45,13.5,
60,30,30,1.0,0.5,0.5,0.0,-0.0,0.0,0.0,0.05824,0.0010473595600365712,0.003117296038108797,1.0387514322308375,0.00805566351851852,0.00024299999999999984,0.09165722288262697,50000,2,Expected_Disc_Count,Type1,disc_0.5,15.0,
75,38,37,1.0,0.25,0.25,0.0,-0.0,0.0,0.0,0.05608,0.00102893181115174,9.522255648928506e-05,1.0249006336151008,0.0032404729056588455,4.586770981507824e-05,0.05756137930146561,50000,2,Expected_Disc_Count,Type1,disc_0.25,9.375,
75,38,37,1.0,0.3,0.3,0.0,-0.0,0.0,0.0,0.0547,0.0010169356911820923,-0.00347788751453352,1.0260827412070144,0.0038967411393053776,-0.0001685988620199147,0.06326413696343877,50000,2,Expected_Disc_Count,Type1,disc_0.3,11.25,
75,38,37,1.0,0.35,0.35,0.0,-0.0,0.0,0.0,0.05678,0.001034949579448197,0.0050651340246278785,1.0315867524518754,0.004539092410787517,0.00034139402560455175,0.06858648673445042,50000,2,Expected_Disc_Count,Type1,disc_0.35,13.125,
75,38,37,1.0,0.4,0.4,0.0,-0.0,0.0,0.0,0.05758,0.0010417729464715427,0.0020074993578848297,1.027858419619382,0.005194081272334945,0.00014845661450924613,0.0730744432204583,50000,2,Expected_Disc_Count,Type1,disc_0.4,15.0,
75,38,37,1.0,0.45,0.45,0.0,-0.0,0.0,0.0,0.05748,0.0010409231441369723,0.000866330002872431,1.029899587739344,0.005835858647272698,8.124466571835003e-05,0.07759226931306934,50000,2,Expected_Disc_Count,Type1,disc_0.45,16.875,
75,38,37,1.0,0.5,0.5,0.0,-0.0,0.0,0.0,0.05584,0.0010268582609104335,-0.0038258582704338425,1.0257804833097117,0.006493621968765642,-0.00034067567567567565,0.08150298805839706,50000,2,Expected_Disc_Count,Type1,disc_0.5,18.75,
100,50,50,1.0,0.25,0.25,0.0,-0.0,0.0,0.0,0.05408,0.001011487554050963,-0.00033980840929655995,1.0227522536944613,0.0024508589200000004,-8.600000000000074e-06,0.05013463798652584,50000,2,Expected_Disc_Count,Type1,disc_0.25,12.5,
100,50,50,1.0,0.3,0.3,0.0,-0.0,0.0,0.0,0.0533,0.0010045806090105463,-0.004444024947484234,1.0172794767532098,0.00294022984,-0.00022280000000000008,0.05459943552968291,50000,2,Expected_Disc_Count,Type1,disc_0.3,15.0,
100,50,50,1.0,0.35,0.35,0.0,-0.0,0.0,0.0,0.05144,0.0009878656426862917,-0.003844533406008083,1.0097736879037758,0.00343227636,-0.00020419999999999987,0.058585188421306625,50000,2,Expected_Disc_Count,Type1,disc_0.35,17.5,
100,50,50,1.0,0.4,0.4,0.0,-0.0,0.0,0.0,0.05342,0.001005647091180599,-0.0036836118974213285,1.021585339661803,0.00391714312,-0.00023080000000000008,0.06328581777428495,50000,2,Expected_Disc_Count,Type1,disc_0.4,20.0,
100,50,50,1.0,0.45,0.45,0.0,-0.0,0.0,0.0,0.0552,0.0010213026975387856,-0.003119310361612479,1.0198491868153055,0.00441271816,-0.00022359999999999993,0.06699917912213553,50000,2,Expected_Disc_Count,Type1,disc_0.45,22.5,
100,50,50,1.0,0.5,0.5,0.0,-0.0,0.0,0.0,0.05556,0.0010244323930840922,0.0002899796776430804,1.021338546991269,0.00489891004,2.0999999999999877e-05,0.07072652655828647,50000,2,Expected_Disc_Count,Type1,disc_0.5,25.0,
125,62,63,1.0,0.25,0.25,0.0,-0.0,0.0,0.0,0.05332,0.0010047584545551235,0.0017111490924487972,1.016540441072879,0.0019679177820128542,0.0001101126472094213,0.04472232102404404,50000,2,Expected_Disc_Count,Type1,disc_0.25,15.625,
125,62,63,1.0,0.3,0.3,0.0,-0.0,0.0,0.0,0.05354,0.001006712157471042,-0.010119952294114118,1.0130914461404459,0.0023613168604960854,-0.0004869278033794162,0.04880947193763335,50000,2,Expected_Disc_Count,Type1,disc_0.3,18.75,
125,62,63,1.0,0.35,0.35,0.0,-0.0,0.0,0.0,0.0555,0.0010239116172795384,0.00010698765263149263,1.0158555914581044,0.002751634720501924,2.4782386072709305e-06,0.05284951080584466,50000,2,Expected_Disc_Count,Type1,disc_0.35,21.875,
125,62,63,1.0,0.4,0.4,0.0,-0.0,0.0,0.0,0.05472,0.0010171108258198807,0.006376546303127412,1.0185742816923786,0.0031525333927283263,0.0003665821812596007,0.056729076148201586,50000,2,Expected_Disc_Count,Type1,disc_0.4,25.0,
125,62,63,1.0,0.45,0.45,0.0,-0.0,0.0,0.0,0.05488,0.0010185105360279783,0.0008240801318051141,1.0176860158031047,0.0035451075621150186,2.4897593445980503e-05,0.06002741735393319,50000,2,Expected_Disc_Count,Type1,disc_0.45,28.125,
125,62,63,1.0,0.5,0.5,0.0,-0.0,0.0,0.0,0.05558,0.0010246059105822102,-0.0006781190476214604,1.0210512692615081,0.003935966355860595,-6.166410650281607e-05,0.0635238560534221,50000,2,Expected_Disc_Count,Type1,disc_0.5,31.25,
150,75,75,1.0,0.25,0.25,0.0,-0.0,0.0,0.0,0.05486,0.0010183357049617773,-0.0022722182575590764,1.016405321559626,0.001645366897777778,-0.00010960000000000001,0.04094610535076024,50000,2,Expected_Disc_Count,Type1,disc_0.25,18.75,
150,75,75,1.0,0.3,0.3,0.0,-0.0,0.0,0.0,0.05314,0.0010031564224985054,0.0017416821653458352,1.0096050317456724,0.001975091982222222,8.346666666666667e-05,0.04457076433398417,50000,2,Expected_Disc_Count,Type1,disc_0.3,22.5,
150,75,75,1.0,0.35,0.35,0.0,-0.0,0.0,0.0,0.05472,0.0010171108258198807,-0.0013138402261941658,1.0138945918558164,0.002304047194074074,-6.213333333333333e-05,0.04832986338698305,50000,2,Expected_Disc_Count,Type1,disc_0.35,26.25,
150,75,75,1.0,0.4,0.4,0.0,-0.0,0.0,0.0,0.05222,0.0009949178016298633,-0.008992771510118699,1.0086649552482596,0.002631107745185185,-0.0004492000000000001,0.051388645497100496,50000,2,Expected_Disc_Count,Type1,disc_0.4,30.0,
150,75,75,1.0,0.45,0.45,0.0,-0.0,0.0,0.0,0.05316,0.0010033345842738602,0.003373410939019544,1.0106522505502902,0.0029587384414814814,0.0001694666666666667,0.0546186511992622,50000,2,Expected_Disc_Count,Type1,disc_0.45,33.75,
150,75,75,1.0,0.5,0.5,0.0,-0.0,0.0,0.0,0.05588,0.0010272042211751274,-0.009247249866725503,1.0140520967993802,0.0032923818429629625,-0.0005241333333333334,0.05779796186164353,50000,2,Expected_Disc_Count,Type1,disc_0.5,37.5,
175,88,87,1.0,0.25,0.25,0.0,-0.0,0.0,0.0,0.05556,0.0010244323930840922,-0.0017943668945473148,1.017600277468832,0.001412490079997795,-8.023641588296763e-05,0.038021763109714356,50000,2,Expected_Disc_Count,Type1,disc_0.25,21.875,
175,88,87,1.0,0.3,0.3,0.0,-0.0,0.0,0.0,0.05332,0.0010047584545551235,0.007341333491244932,1.0125570658621672,0.001694772133214757,0.00029219174503657266,0.04145590565161491,50000,2,Expected_Disc_Count,Type1,disc_0.3,26.25,
175,88,87,1.0,0.35,0.35,0.0,-0.0,0.0,0.0,0.05344,0.0010058247004324362,0.0013378437564510557,1.0075518294535433,0.001979448122465138,5.1814263322883994e-05,0.04457373843575067,50000,2,Expected_Disc_Count,Type1,disc_0.35,30.624999999999996,
175,88,87,1.0,0.4,0.4,0.0,-0.0,0.0,0.0,0.05468,0.0010167605185096439,0.001902427611675111,1.0166844606067564,0.002258833435196428,8.915360501567392e-05,0.04802714090728084,50000,2,Expected_Disc_Count,Type1,disc_0.4,35.0,
175,88,87,1.0,0.45,0.45,0.0,-0.0,0.0,0.0,0.0522,0.0009947377543855467,-0.00013869057791556237,1.007286750292139,0.002542001753728054,-1.2370689655172463e-05,0.05050313454642738,50000,2,Expected_Disc_Count,Type1,disc_0.45,39.375,
175,88,87,1.0,0.5,0.5,0.0,-0.0,0.0,0.0,0.0549,0.0010186853292356772,-0.007709903243177948,1.0173537081743664,0.0028244343178351877,-0.0003971551724137931,0.053752531434742554,50000,2,Expected_Disc_Count,Type1,disc_0.5,43.75,
200,100,100,1.0,0.25,0.25,0.0,-0.0,0.0,0.0,0.0526,0.0009983310072315694,0.000783913358746089,1.0095377474841376,0.00123740731,3.420000000000004e-05,0.03532510198654776,50000,2,Expected_Disc_Count,Type1,disc_0.25,25.0,
200,100,100,1.0,0.3,0.3,0.0,-0.0,0.0,0.0,0.05296,0.0010015511809188784,0.004793690828814901,1.0103558231828629,0.00148362113,0.0001662,0.038707601030805304,50000,2,Expected_Disc_Count,Type1,disc_0.3,30.0,
200,100,100,1.0,0.35,0.35,0.0,-0.0,0.0,0.0,0.05314,0.0010031564224985054,-0.0014122581060251724,1.0081436472230696,0.00173306143,-5.76e-05,0.041760563720333085,50000,2,Expected_Disc_Count,Type1,disc_0.35,35.0,
200,100,100,1.0,0.4,0.4,0.0,-0.0,0.0,0.0,0.05282,0.001000300430870646,0.001667868704305115,1.0099881118125091,0.0019799324050000003,7.850000000000008e-05,0.04472428129942392,50000,2,Expected_Disc_Count,Type1,disc_0.4,40.0,
200,100,100,1.0,0.45,0.45,0.0,-0.0,0.0,0.0,0.05328,0.001004402724010643,0.0022708321606712194,1.0113738795668725,0.002228392385,9.709999999999997e-05,0.047504526853658906,50000,2,Expected_Disc_Count,Type1,disc_0.45,45.0,
200,100,100,1.0,0.5,0.5,0.0,-0.0,0.0,0.0,0.05324,0.0010040468355609713,0.0011564003562863053,1.0098951168887846,0.00247459726,6.819999999999999e-05,0.0499744669682429,50000,2,Expected_Disc_Count,Type1,disc_0.5,50.0,
250,125,125,1.0,0.25,0.25,0.0,-0.0,0.0,0.0,0.051,0.0009838597461020548,0.008543697863122706,1.0051762402569948,0.0009927322470399999,0.00026608000000000003,0.031565098470202814,50000,2,Expected_Disc_Count,Type1,disc_0.25,31.25,
250,125,125,1.0,0.3,0.3,0.0,-0.0,0.0,0.0,0.05078,0.0009818491900490626,0.0036073621230293686,1.0060023096192308,0.00119051065344,0.00010432,0.034578800403391674,50000,2,Expected_Disc_Count,Type1,disc_0.3,37.5,
250,125,125,1.0,0.35,0.35,0.0,-0.0,0.0,0.0,0.05274,0.0009995848378201821,-0.004431718474653845,1.011597708010415,0.00138885405184,-0.000158,0.037570341441088874,50000,2,Expected_Disc_Count,Type1,disc_0.35,43.75,
250,125,125,1.0,0.4,0.4,0.0,-0.0,0.0,0.0,0.05246,0.0009970752067923463,-0.009359521769022902,1.0039093719303145,0.0015880822579199998,-0.00036992000000000004,0.03984771962350669,50000,2,Expected_Disc_Count,Type1,disc_0.4,50.0,
250,125,125,1.0,0.45,0.45,0.0,-0.0,0.0,0.0,0.0542,0.0010125449125841283,0.005280623067002825,1.0127407802981228,0.0017850593023999999,0.0002344,0.04262188096083982,50000,2,Expected_Disc_Count,Type1,disc_0.45,56.25,
250,125,125,1.0,0.5,0.5,0.0,-0.0,0.0,0.0,0.05162,0.000989498616471999,-0.0008699504520729434,1.0083956193339487,0.00198492427264,-4.823999999999998e-05,0.04474076701289775,50000,2,Expected_Disc_Count,Type1,disc_0.5,62.5,
300,150,150,1.0,0.25,0.25,0.0,-0.0,0.0,0.0,0.04912,0.0009665115167446272,0.0020829674645641855,1.0023828793162524,0.0008282056948148147,5.666666666666667e-05,0.028750866846835147,50000,2,Expected_Disc_Count,Type1,disc_0.25,37.5,
300,150,150,1.0,0.3,0.3,0.0,-0.0,0.0,0.0,0.05222,0.0009949178016298633,-0.005441713727952845,1.009450911196288,0.0009928683362962962,-0.0001752666666666667,0.03171250985960518,50000,2,Expected_Disc_Count,Type1,disc_0.3,45.0,
300,150,150,1.0,0.35,0.35,0.0,-0.0,0.0,0.0,0.05298,0.0010017297000688358,-0.00011739470444408909,1.0105774941293586,0.0011591711422222224,-1.2200000000000002e-05,0.0342751167603814,50000,2,Expected_Disc_Count,Type1,disc_0.35,52.5,
300,150,150,1.0,0.4,0.4,0.0,-0.0,0.0,0.0,0.05278,0.0009999427143591777,0.004823480437541599,1.0116220530098285,0.0013240053718518519,0.00018293333333333333,0.03667604549530024,50000,2,Expected_Disc_Count,Type1,disc_0.4,60.0,
300,150,150,1.0,0.45,0.45,0.0,-0.0,0.0,0.0,0.05188,0.0009918514566203953,0.001114838000112068,1.0061732028766261,0.0014897003318518518,4.119999999999997e-05,0.03869624260117368,50000,2,Expected_Disc_Count,Type1,disc_0.45,67.5,
300,150,150,1.0,0.5,0.5,0.0,-0.0,0.0,0.0,0.05126,0.0009862293080212126,-0.005505849222422149,1.006384114525198,0.0016557659437037035,-0.00022079999999999997,0.04081767213439678,50000,2,Expected_Disc_Count,Type1,disc_0.5,75.0,
400,200,200,1.0,0.25,0.25,0.0,-0.0,0.0,0.0,0.05108,0.0009845895957199628,0.0006729347139596204,1.0066997115696714,0.00062164960875,2.9100000000000003e-05,0.025036681153659323,50000,2,Expected_Disc_Count,Type1,disc_0.25,50.0,
400,200,200,1.0,0.3,0.3,0.0,-0.0,0.0,0.0,0.05102,0.0009840422714497584,0.0039563247364671475,1.0035245140279412,0.00074623741,9.510000000000002e-05,0.027339064650971513,50000,2,Expected_Disc_Count,Type1,disc_0.3,60.0,
400,200,200,1.0,0.35,0.35,0.0,-0.0,0.0,0.0,0.05036,0.000977996629851044,-0.002309398575096392,1.0021477150327995,0.0008710677712500001,-7.019999999999999e-05,0.029494606658845277,50000,2,Expected_Disc_Count,Type1,disc_0.35,70.0,
400,200,200,1.0,0.4,0.4,0.0,-0.0,0.0,0.0,0.05064,0.0009805670849054643,0.0028520961647178467,1.0055653275479315,0.00099506563875,9.63e-05,0.03164347841672909,50000,2,Expected_Disc_Count,Type1,disc_0.4,80.0,
400,200,200,1.0,0.45,0.45,0.0,-0.0,0.0,0.0,0.05124,0.000986047284870254,0.0012151437723598878,1.0024813152954208,0.001119349793125,4.235000000000001e-05,0.033460227606480805,50000,2,Expected_Disc_Count,Type1,disc_0.45,90.0,
400,200,200,1.0,0.5,0.5,0.0,-0.0,0.0,0.0,0.0514,0.0009875023037947811,0.001987602044800873,1.0069197665901863,0.0012438563706249999,7.064999999999998e-05,0.035423853313516024,50000,2,Expected_Disc_Count,Type1,disc_0.5,100.0,
500,250,250,1.0,0.25,0.25,0.0,-0.0,0.0,0.0,0.05176,0.0009907663942625427,-0.0053332121835826295,1.0076819080700985,0.00049761867968,-0.0001172,0.022423927045903444,50000,2,Expected_Disc_Count,Type1,disc_0.25,62.5,
500,250,250,1.0,0.3,0.3,0.0,-0.0,0.0,0.0,0.05298,0.0010017297000688358,0.0029420322347913333,1.009010526477505,0.00059789141984,6.939999999999999e-05,0.024626578805022836,50000,2,Expected_Disc_Count,Type1,disc_0.3,75.0,
500,250,250,1.0,0.35,0.35,0.0,-0.0,0.0,0.0,0.05178,0.0009909473406796146,0.009507708040802235,1.0062281574111522,0.0006973489024,0.00024680000000000004,0.026529015996828827,50000,2,Expected_Disc_Count,Type1,disc_0.35,87.5,
500,250,250,1.0,0.4,0.4,0.0,-0.0,0.0,0.0,0.05076,0.0009816661591396537,-0.004015580428584501,1.0002621799368805,0.00079680199424,-0.00011143999999999999,0.028184047635611175,50000,2,Expected_Disc_Count,Type1,disc_0.4,100.0,
500,250,250,1.0,0.45,0.45,0.0,-0.0,0.0,0.0,0.04972,0.000972089724253888,0.00019565389115710886,0.9989123514362023,0.0008963491232,1.1200000000000054e-06,0.029850788913286696,50000,2,Expected_Disc_Count,Type1,disc_0.45,112.5,
500,250,250,1.0,0.5,0.5,0.0,-0.0,0.0,0.0,0.0509,0.0009829464888792268,0.0016485304755141678,1.0086560383936802,0.00099587082784,5.652e-05,0.03176806077634579,50000,2,Expected_Disc_Count,Type1,disc_0.5,125.0,
50,25,25,1.0,0.5,0.5,0.05,0.05,0.0,0.05,0.09392,0.001304599812969479,0.5154365509965003,1.0502822959018807,0.00954215104,0.049344400000000004,0.09992406211038461,50000,3,Power_Ratio,Power,ratio=1.0_dBA=0.05,,
50,25,25,1.0,0.5,0.5,0.1,0.1,0.0,0.1,0.1949,0.0017715190656608809,1.045278735089396,1.0603414385044037,0.00939892032,0.0994192,0.09921700797423798,50000,3,Power_Ratio,Power,ratio=1.0_dBA=0.10,,
50,25,25,1.0,0.5,0.5,0.15,0.15,0.0,0.15,0.3569,0.002142533033584313,1.5915074631028079,1.073080893542631,0.009164361599999999,0.14949479999999998,0.09746646999332642,50000,3,Power_Ratio,Power,ratio=1.0_dBA=0.15,,
50,25,25,1.0,0.5,0.5,0.2,0.2,0.0,0.2,0.56202,0.002218799313142133,2.1659116914653245,1.101367710054574,0.008828846720000002,0.1996832,0.09599847726792336,50000,3,Power_Ratio,Power,ratio=1.0_dBA=0.20,,
50,17,33,0.5,0.5,0.5,0.05,0.05,0.0,0.05,0.0938,0.0013038524456394595,0.5027995164515633,1.0625515201294458,0.010533062123931616,0.05030139037433154,0.10528042298118767,50000,3,Power_Ratio,Power,ratio=0.5_dBA=0.05,,
50,17,33,0.5,0.5,0.5,0.1,0.1,0.0,0.1,0.1831,0.0017295918015531873,1.00652701481591,1.0737947327825537,0.010377528566129881,0.09998590017825314,0.10444030381540337,50000,3,Power_Ratio,Power,ratio=0.5_dBA=0.10,,
50,17,33,0.5,0.5,0.5,0.15,0.15,0.0,0.15,0.33032,0.0021033720431725814,1.5263423589811056,1.0916599359468382,0.010113879862389619,0.1496665062388592,0.102715347655077,50000,3,Power_Ratio,Power,ratio=0.5_dBA=0.15,,
50,17,33,0.5,0.5,0.5,0.2,0.2,0.0,0.2,0.52812,0.002232528905076035,2.0843342777055254,1.1203751259586614,0.009744053899285642,0.20058597147950089,0.1008558688936462,50000,3,Power_Ratio,Power,ratio=0.5_dBA=0.20,,
50,12,38,0.3,0.5,0.5,0.05,0.05,0.0,0.05,0.09828,0.0013313229630709448,0.46242010219737667,1.1025065546932302,0.012694363539827369,0.04997333333333333,0.11676688554572845,50000,3,Power_Ratio,Power,ratio=0.3_dBA=0.05,,
50,12,38,0.3,0.5,0.5,0.1,0.1,0.0,0.1,0.17412,0.0016958904775957674,0.9326850202084402,1.1148955757741457,0.012520428796748527,0.10021122807017543,0.11582439453928041,50000,3,Power_Ratio,Power,ratio=0.3_dBA=0.10,,
50,12,38,0.3,0.5,0.5,0.15,0.15,0.0,0.15,0.29862,0.002046685591877756,1.4208442605672977,1.1503891071501262,0.012172846659042863,0.15031706140350876,0.11489573363820851,50000,3,Power_Ratio,Power,ratio=0.3_dBA=0.15,,
50,12,38,0.3,0.5,0.5,0.2,0.2,0.0,0.2,0.46208,0.00222962810172459,1.9212577508892479,1.1766524163043122,0.011729136256668719,0.1994927192982456,0.11201545086969517,50000,3,Power_Ratio,Power,ratio=0.3_dBA=0.20,,
50,8,42,0.2,0.5,0.5,0.05,0.05,0.0,0.05,0.11794,0.001442429592042537,0.42850708497182716,1.1900901915095978,0.016527012829127188,0.05112517857142857,0.1368515228598745,50000,3,Power_Ratio,Power,ratio=0.2_dBA=0.05,,
50,8,42,0.2,0.5,0.5,0.1,0.1,0.0,0.1,0.17102,0.00168387742784325,0.8460598628515049,1.1993369867095651,0.016245469892011866,0.09991648809523809,0.1344488803332724,50000,3,Power_Ratio,Power,ratio=0.2_dBA=0.10,,
50,8,42,0.2,0.5,0.5,0.15,0.15,0.0,0.15,0.26754,0.001979708808890843,1.2889696508950217,1.240629036781219,0.015832081558627916,0.1505052976190476,0.13378706448736408,50000,3,Power_Ratio,Power,ratio=0.2_dBA=0.15,,
50,8,42,0.2,0.5,0.5,0.2,0.2,0.0,0.2,0.39594,0.002187105467964451,1.7471128367892304,1.2921440914181506,0.015199325652011797,0.19965392857142855,0.13121262259873295,50000,3,Power_Ratio,Power,ratio=0.2_dBA=0.20,,
50,5,45,0.1,0.5,0.5,0.05,0.05,0.0,0.05,0.1544,0.0016159247507232506,0.3858932494038679,1.398988934271439,0.02257797015089163,0.049639555555555555,0.16764450470070794,50000,3,Power_Ratio,Power,ratio=0.1_dBA=0.05,,
50,5,45,0.1,0.5,0.5,0.1,0.1,0.0,0.1,0.19618,0.0017759133289662534,0.7817909182851531,1.4259001673053875,0.022316471659807952,0.09954222222222223,0.16480355030336147,50000,3,Power_Ratio,Power,ratio=0.1_dBA=0.10,,
50,5,45,0.1,0.5,0.5,0.15,0.15,0.0,0.15,0.27668,0.002000640785348534,1.1945658232878011,1.4935419223604016,0.021716107105624136,0.15038022222222222,0.16311581471858774,50000,3,Power_Ratio,Power,ratio=0.1_dBA=0.15,,
50,5,45,0.1,0.5,0.5,0.2,0.2,0.0,0.2,0.37666,0.002166966748245113,1.6206633640375274,1.5773701994510132,0.020854728340192037,0.20012600000000003,0.15978453524746042,50000,3,Power_Ratio,Power,ratio=0.1_dBA=0.20,,
100,50,50,1.0,0.5,0.5,0.05,0.05,0.0,0.05,0.1183,0.0014443345180393634,0.7234268044167731,1.028137114276883,0.00487383748,0.0500466,0.07080641092754243,50000,3,Power_Ratio,Power,ratio=1.0_dBA=0.05,,
100,50,50,1.0,0.5,0.5,0.1,0.1,0.0,0.1,0.3086,0.0020657494523779983,1.4548272640211761,1.0321165039297344,0.004801682840000001,0.09991860000000001,0.06989706269965856,50000,3,Power_Ratio,Power,ratio=1.0_dBA=0.10,,
100,50,50,1.0,0.5,0.5,0.15,0.15,0.0,0.15,0.5916,0.0021982240104229597,2.2131480806694683,1.0485781300015036,0.00468023676,0.15001740000000002,0.06896449591811717,50000,3,Power_Ratio,Power,ratio=1.0_dBA=0.15,,
100,50,50,1.0,0.5,0.5,0.2,0.2,0.0,0.2,0.83532,0.001658677169312944,3.0019296091517655,1.0776973223258013,0.00451011456,0.199752,0.06799578292806106,50000,3,Power_Ratio,Power,ratio=1.0_dBA=0.20,,
100,33,67,0.5,0.5,0.5,0.05,0.05,0.0,0.05,0.1157,0.001430479010681387,0.6859994842049584,1.0398494607161066,0.005482037549996725,0.050102315694255994,0.07542063948645948,50000,3,Power_Ratio,Power,ratio=0.5_dBA=0.05,,
100,33,67,0.5,0.5,0.5,0.1,0.1,0.0,0.1,0.2826,0.002013639689716112,1.3745469245476907,1.0463015036115932,0.005407071097311002,0.09977258254183627,0.07453901073701658,50000,3,Power_Ratio,Power,ratio=0.5_dBA=0.10,,
100,33,67,0.5,0.5,0.5,0.15,0.15,0.0,0.15,0.54198,0.0022281727024627152,2.09463155436837,1.0651268645522902,0.005264864179483927,0.1500119719583899,0.07345328451252131,50000,3,Power_Ratio,Power,ratio=0.5_dBA=0.15,,
100,33,67,0.5,0.5,0.5,0.2,0.2,0.0,0.2,0.78984,0.0018220470597654717,2.841162980962046,1.0919366940772317,0.0050663088239995225,0.1996159430122117,0.07195583251291998,50000,3,Power_Ratio,Power,ratio=0.5_dBA=0.20,,
100,23,77,0.3,0.5,0.5,0.05,0.05,0.0,0.05,0.10774,0.0013865936131397694,0.6214057897275329,1.0584932711275705,0.006759994158871238,0.0500057481648786,0.08412997340547933,50000,3,Power_Ratio,Power,ratio=0.3_dBA=0.05,,
100,23,77,0.3,0.5,0.5,0.1,0.1,0.0,0.1,0.24546,0.001924626656783076,1.2467723243639417,1.0674889504724616,0.006666559971070627,0.09975935064935065,0.08315843733740193,50000,3,Power_Ratio,Power,ratio=0.3_dBA=0.10,,
100,23,77,0.3,0.5,0.5,0.15,0.15,0.0,0.15,0.46378,0.0022301933171812705,1.896754389409086,1.0926953999034559,0.006495663244270994,0.14970095426312818,0.08201987270430995,50000,3,Power_Ratio,Power,ratio=0.3_dBA=0.15,,
100,23,77,0.3,0.5,0.5,0.2,0.2,0.0,0.2,0.7015,0.002046449364142685,2.583100975749729,1.1307236713619062,0.006248865218372053,0.19994149632975722,0.08070610671107672,50000,3,Power_Ratio,Power,ratio=0.3_dBA=0.20,,
100,17,83,0.2,0.5,0.5,0.05,0.05,0.0,0.05,0.10706,0.0013827375484885046,0.5707757026572003,1.0835750854161332,0.008368658345220782,0.05061869596031184,0.0941465208231051,50000,3,Power_Ratio,Power,ratio=0.2_dBA=0.05,,
100,17,83,0.2,0.5,0.5,0.1,0.1,0.0,0.1,0.2148,0.0018366325707664013,1.1356792586096083,1.0929429454514508,0.008243052762967882,0.09993636428065202,0.09278133949009829,50000,3,Power_Ratio,Power,ratio=0.2_dBA=0.10,,
100,17,83,0.2,0.5,0.5,0.15,0.15,0.0,0.15,0.39786,0.0021889148928179005,1.7307244856909214,1.1246179587194907,0.008016782587457964,0.15011433026222537,0.09159097903316589,50000,3,Power_Ratio,Power,ratio=0.2_dBA=0.15,,
100,17,83,0.2,0.5,0.5,0.2,0.2,0.0,0.2,0.61288,0.002178339301394528,2.339194314922395,1.1739060657127796,0.007742087710279168,0.19930318922749823,0.09071596013939501,50000,3,Power_Ratio,Power,ratio=0.2_dBA=0.20,,
100,9,91,0.1,0.5,0.5,0.05,0.05,0.0,0.05,0.11654,0.0014349803371475165,0.45124232823043975,1.1822583037481562,0.01367479980241639,0.04889407814407814,0.12282844935689685,50000,3,Power_Ratio,Power,ratio=0.1_dBA=0.05,,
100,9,91,0.1,0.5,0.5,0.1,0.1,0.0,0.1,0.18642,0.0017416519950897193,0.9338754610865069,1.2115306263659553,0.013385878137659322,0.10007819291819291,0.12170658654435655,50000,3,Power_Ratio,Power,ratio=0.1_dBA=0.10,,
100,9,91,0.1,0.5,0.5,0.15,0.15,0.0,0.15,0.30104,0.0020514137486133802,1.4235311702531281,1.2543136322696475,0.013096975910886512,0.1509586568986569,0.12079616748372408,50000,3,Power_Ratio,Power,ratio=0.1_dBA=0.15,,
100,9,91,0.1,0.5,0.5,0.2,0.2,0.0,0.2,0.44492,0.002222458969700003,1.9243107397681116,1.3053427393972767,0.012608320044170339,0.20002438339438341,0.11804455348534028,50000,3,Power_Ratio,Power,ratio=0.1_dBA=0.20,,
200,100,100,1.0,0.5,0.5,0.05,0.05,0.0,0.05,0.17578,0.0017022420015967176,1.0130173731359877,1.0124265769266836,0.002462480215,0.05004770000000001,0.04981520073943294,50000,3,Power_Ratio,Power,ratio=1.0_dBA=0.05,,
200,100,100,1.0,0.5,0.5,0.1,0.1,0.0,0.1,0.53092,0.002231788312542209,2.0403012637144164,1.0184362448813562,0.002424559505,0.1000293,0.04927754703219307,50000,3,Power_Ratio,Power,ratio=1.0_dBA=0.10,,
200,100,100,1.0,0.5,0.5,0.15,0.15,0.0,0.15,0.8652,0.0015272783636259633,3.096004818285114,1.0396139091254564,0.002363040615,0.1498259,0.04884983305181298,50000,3,Power_Ratio,Power,ratio=1.0_dBA=0.15,,
200,100,100,1.0,0.5,0.5,0.2,0.2,0.0,0.2,0.98468,0.0005492776638458914,4.2107892076831686,1.067752672951625,0.0022763691349999998,0.19997790000000001,0.0481341563922128,50000,3,Power_Ratio,Power,ratio=1.0_dBA=0.20,,
200,67,133,0.5,0.5,0.5,0.05,0.05,0.0,0.05,0.16192,0.0016474338444987708,0.9600429925424204,1.0126531726859567,0.002757940039022278,0.05011730221075076,0.052575719404125684,50000,3,Power_Ratio,Power,ratio=0.5_dBA=0.05,,
200,67,133,0.5,0.5,0.5,0.1,0.1,0.0,0.1,0.48442,0.0022349821636872182,1.9335158447897656,1.0272371981169757,0.002715510898249434,0.100157256200202,0.05237590212013777,50000,3,Power_Ratio,Power,ratio=0.5_dBA=0.10,,
200,67,133,0.5,0.5,0.5,0.15,0.15,0.0,0.15,0.82252,0.001708688676149052,2.9282973162907284,1.0503680703755656,0.0026465976114888974,0.1497159847379643,0.05190428476090062,50000,3,Power_Ratio,Power,ratio=0.5_dBA=0.15,,
200,67,133,0.5,0.5,0.5,0.2,0.2,0.0,0.2,0.97314,0.0007230289122849791,3.98548379949001,1.0770087357972096,0.0025500012176732476,0.20002394905173376,0.05092543760140341,50000,3,Power_Ratio,Power,ratio=0.5_dBA=0.20,,
200,46,154,0.3,0.5,0.5,0.05,0.05,0.0,0.05,0.14108,0.0015567686636106214,0.8522197235156213,1.0294364435620262,0.003449442418019825,0.049543495200451725,0.05935651344582189,50000,3,Power_Ratio,Power,ratio=0.3_dBA=0.05,,
200,46,154,0.3,0.5,0.5,0.1,0.1,0.0,0.1,0.41022,0.002199725217385117,1.7364618164741263,1.0421309310566977,0.00339794079949804,0.10020977413890458,0.05884978633319734,50000,3,Power_Ratio,Power,ratio=0.3_dBA=0.10,,
200,46,154,0.3,0.5,0.5,0.15,0.15,0.0,0.15,0.7322,0.001980318964207534,2.630060605912179,1.0733417917104309,0.003312873175236005,0.14982127046866178,0.05839028394756216,50000,3,Power_Ratio,Power,ratio=0.3_dBA=0.15,,
200,46,154,0.3,0.5,0.5,0.2,0.2,0.0,0.2,0.9373,0.001084146761282807,3.589689996151038,1.1012301585145194,0.003183610449658711,0.2005017306606437,0.05706517676210757,50000,3,Power_Ratio,Power,ratio=0.3_dBA=0.20,,
200,33,167,0.2,0.5,0.5,0.05,0.05,0.0,0.05,0.13066,0.001507235644482972,0.7679709313286802,1.0425976882842538,0.004389646405617934,0.05008850117945926,0.06714694623511429,50000,3,Power_Ratio,Power,ratio=0.2_dBA=0.05,,
200,33,167,0.2,0.5,0.5,0.1,0.1,0.0,0.1,0.33736,0.0021144655608451037,1.5385961960906018,1.0583737462767686,0.0043319316909161895,0.09970789330430051,0.06664284094831617,50000,3,Power_Ratio,Power,ratio=0.2_dBA=0.10,,
200,33,167,0.2,0.5,0.5,0.15,0.15,0.0,0.15,0.6283,0.0021611992504163052,2.337019174059262,1.0865041053847753,0.004220255012544526,0.14944697151152242,0.06580613911858535,50000,3,Power_Ratio,Power,ratio=0.2_dBA=0.15,,
200,33,167,0.2,0.5,0.5,0.2,0.2,0.0,0.2,0.86656,0.0015207482789732166,3.1872856138565795,1.1261262820114626,0.004063710226269341,0.1999708238069316,0.06456547297214313,50000,3,Power_Ratio,Power,ratio=0.2_dBA=0.20,,
200,18,182,0.1,0.5,0.5,0.05,0.05,0.0,0.05,0.11252,0.0014132179562969048,0.6100769621097484,1.0909120761086646,0.00720512819655221,0.04998123321123322,0.08722840669645732,50000,3,Power_Ratio,Power,ratio=0.1_dBA=0.05,,
200,18,182,0.1,0.5,0.5,0.1,0.1,0.0,0.1,0.24382,0.0019202698122920121,1.23354595202772,1.1149390195431075,0.007091369273015909,0.10030062271062272,0.08666087617972025,50000,3,Power_Ratio,Power,ratio=0.1_dBA=0.10,,
200,18,182,0.1,0.5,0.5,0.15,0.15,0.0,0.15,0.43786,0.002218732162294494,1.8552276148174762,1.1560482910109144,0.006908886104694522,0.14891142857142858,0.0860697708758336,50000,3,Power_Ratio,Power,ratio=0.1_dBA=0.15,,
200,18,182,0.1,0.5,0.5,0.2,0.2,0.0,0.2,0.6714,0.0021005810624681923,2.539643355342349,1.2015793693990264,0.006660933629532268,0.20006494505494504,0.08406442435418685,50000,3,Power_Ratio,Power,ratio=0.1_dBA=0.20,,
500,250,250,1.0,0.5,0.5,0.05,0.05,0.0,0.05,0.35888,0.002145158015624956,1.5991177483445753,1.005589286868298,0.00099073365088,0.050243720000000006,0.03149209234969312,50000,3,Power_Ratio,Power,ratio=1.0_dBA=0.05,,
500,250,250,1.0,0.5,0.5,0.1,0.1,0.0,0.1,0.89174,0.0013895306574523644,3.211537610033295,1.0132838245783398,0.00097610109696,0.10015984000000003,0.0312017520529601,50000,3,Power_Ratio,Power,ratio=1.0_dBA=0.10,,
500,250,250,1.0,0.5,0.5,0.15,0.15,0.0,0.15,0.9979,0.00020472371626169698,4.867042769556071,1.0354587964078847,0.0009512305987199999,0.14983764000000002,0.030960441198897664,50000,3,Power_Ratio,Power,ratio=1.0_dBA=0.15,,
500,250,250,1.0,0.5,0.5,0.2,0.2,0.0,0.2,1.0,0.0,6.612818978981462,1.0528808104700547,0.0009163182844799999,0.19981892000000004,0.030256346276997824,50000,3,Power_Ratio,Power,ratio=1.0_dBA=0.20,,
500,167,333,0.5,0.5,0.5,0.05,0.05,0.0,0.05,0.32294,0.0020911707553425665,1.4997284696451771,1.008695410237386,0.0011123803033015124,0.049894892197586804,0.03341361590916532,50000,3,Power_Ratio,Power,ratio=0.5_dBA=0.05,,
500,167,333,0.5,0.5,0.5,0.1,0.1,0.0,0.1,0.85218,0.00158725705290605,3.024261386039081,1.0250842358180114,0.001095857859985042,0.09987068907230585,0.03334473472755397,50000,3,Power_Ratio,Power,ratio=0.5_dBA=0.10,,
500,167,333,0.5,0.5,0.5,0.15,0.15,0.0,0.15,0.99506,0.00031354732976059785,4.5929265588242805,1.041067879787307,0.0010679719695952422,0.14972412094729462,0.032797221906351044,50000,3,Power_Ratio,Power,ratio=0.5_dBA=0.15,,
500,167,333,0.5,0.5,0.5,0.2,0.2,0.0,0.2,0.99998,1.9999799999009992e-05,6.253486248029689,1.067097431562351,0.0010287245958580933,0.20007242955530383,0.032141348329351734,50000,3,Power_Ratio,Power,ratio=0.5_dBA=0.20,,
500,115,385,0.3,0.5,0.5,0.05,0.05,0.0,0.05,0.2721,0.0019902843515437686,1.3485658311944893,1.0126811633841766,0.0013940961205560509,0.05016440316205533,0.03743673494966092,50000,3,Power_Ratio,Power,ratio=0.3_dBA=0.05,,
500,115,385,0.3,0.5,0.5,0.1,0.1,0.0,0.1,0.7667,0.0018914074653548344,2.7109460711488373,1.0236247873583677,0.0013736734826613928,0.10008930208921513,0.03707958893812878,50000,3,Power_Ratio,Power,ratio=0.3_dBA=0.10,,
500,115,385,0.3,0.5,0.5,0.15,0.15,0.0,0.15,0.98338,0.0005717302790652244,4.120565144182071,1.0448366140233545,0.0013375075565422365,0.15010348955392433,0.036506173367701365,50000,3,Power_Ratio,Power,ratio=0.3_dBA=0.15,,
500,115,385,0.3,0.5,0.5,0.2,0.2,0.0,0.2,0.99974,7.210165046655145e-05,5.596890834557232,1.078998513041781,0.0012888142862724607,0.2001171643139469,0.035845891790761725,50000,3,Power_Ratio,Power,ratio=0.3_dBA=0.20,,
500,83,417,0.2,0.5,0.5,0.05,0.05,0.0,0.05,0.22416,0.0018650055999915925,1.193699253499972,1.0165268079556746,0.00177822388338653,0.050045150674641006,0.042285205818792686,50000,3,Power_Ratio,Power,ratio=0.2_dBA=0.05,,
500,83,417,0.2,0.5,0.5,0.1,0.1,0.0,0.1,0.66286,0.002114126866581095,2.402131403679161,1.0373660099045388,0.0017519636006679087,0.09993369564589291,0.042122561807077,50000,3,Power_Ratio,Power,ratio=0.2_dBA=0.10,,
500,83,417,0.2,0.5,0.5,0.15,0.15,0.0,0.15,0.94768,0.0009958174290501248,3.6488955895183013,1.0663010587475463,0.0017068362661675066,0.14983878622403282,0.041691090955240394,50000,3,Power_Ratio,Power,ratio=0.2_dBA=0.15,,
500,83,417,0.2,0.5,0.5,0.2,0.2,0.0,0.2,0.9981,0.00019475060975514367,4.959111315197521,1.10163524949358,0.0016450477726935992,0.1998940339776372,0.04079347694803852,50000,3,Power_Ratio,Power,ratio=0.2_dBA=0.20,,
500,45,455,0.1,0.5,0.5,0.05,0.05,0.0,0.05,0.15874,0.0016342681077473181,0.9244775729216912,1.0385787953663925,0.0029746642358241117,0.04979612454212454,0.05522420864783458,50000,3,Power_Ratio,Power,ratio=0.1_dBA=0.05,,
500,45,455,0.1,0.5,0.5,0.1,0.1,0.0,0.1,0.45378,0.00222649370805309,1.8675790467637794,1.0610337012563895,0.002929954095414878,0.09976812698412697,0.05488259228653634,50000,3,Power_Ratio,Power,ratio=0.1_dBA=0.10,,
500,45,455,0.1,0.5,0.5,0.15,0.15,0.0,0.15,0.78898,0.0018247770252828152,2.8450336454779013,1.0963488577276983,0.0028579548357664697,0.15009745543345543,0.05426673783216018,50000,3,Power_Ratio,Power,ratio=0.1_dBA=0.15,,
500,45,455,0.1,0.5,0.5,0.2,0.2,0.0,0.2,0.96212,0.0008537576424255308,3.8675593997076643,1.134691869692192,0.0027522356138691443,0.20019385836385842,0.05279009239591392,50000,3,Power_Ratio,Power,ratio=0.1_dBA=0.20,,
1000,500,500,1.0,0.5,0.5,0.05,0.05,0.0,0.05,0.61112,0.002180148369262973,2.2468773935915385,1.0047362078361102,0.00049655669076,0.05002745999999999,0.02230428626852695,50000,3,Power_Ratio,Power,ratio=1.0_dBA=0.05,,
1000,500,500,1.0,0.5,0.5,0.1,0.1,0.0,0.1,0.99476,0.00032287899900736877,4.523996815902649,1.0176129970391472,0.00048905315772,0.09996005999999999,0.02221266181249785,50000,3,Power_Ratio,Power,ratio=1.0_dBA=0.10,,
1000,500,500,1.0,0.5,0.5,0.15,0.15,0.0,0.15,1.0,0.0,6.8784747132072726,1.0288585138587358,0.00047651756244,0.15001789999999998,0.021805209001291407,50000,3,Power_Ratio,Power,ratio=1.0_dBA=0.15,,
1000,500,500,1.0,0.5,0.5,0.2,0.2,0.0,0.2,1.0,0.0,9.343230617520652,1.050999153815083,0.00045907457716,0.20001246,0.02141726650972061,50000,3,Power_Ratio,Power,ratio=1.0_dBA=0.20,,
1000,333,667,0.5,0.5,0.5,0.05,0.05,0.0,0.05,0.56282,0.0022183491501564854,2.119802623951168,1.0095416396977812,0.0005585164195324854,0.05003812881847365,0.02374298730369377,50000,3,Power_Ratio,Power,ratio=0.5_dBA=0.05,,
1000,333,667,0.5,0.5,0.5,0.1,0.1,0.0,0.1,0.98866,0.0004735272832688739,4.266648665790073,1.0131105413144978,0.0005501809223029826,0.0999570140605373,0.023380485553046212,50000,3,Power_Ratio,Power,ratio=0.5_dBA=0.10,,
1000,333,667,0.5,0.5,0.5,0.15,0.15,0.0,0.15,1.0,0.0,6.490499920318631,1.035294660693781,0.0005360246144163308,0.15008510276393336,0.023148792354973555,50000,3,Power_Ratio,Power,ratio=0.5_dBA=0.15,,
1000,333,667,0.5,0.5,0.5,0.2,0.2,0.0,0.2,1.0,0.0,8.807661991503593,1.0618301411612152,0.0005166405359236615,0.19995168492330412,0.022759622492032672,50000,3,Power_Ratio,Power,ratio=0.5_dBA=0.20,,
1000,231,769,0.3,0.5,0.5,0.05,0.05,0.0,0.05,0.47652,0.002233601081661629,1.9016781017984272,1.0064501255714067,0.0006975368824822026,0.05012970518861286,0.026395956092046563,50000,3,Power_Ratio,Power,ratio=0.3_dBA=0.05,,
1000,231,769,0.3,0.5,0.5,0.1,0.1,0.0,0.1,0.96678,0.000801454073543831,3.817669029121373,1.0176158445444008,0.0006870891210293122,0.09987693389402102,0.026127685989678084,50000,3,Power_Ratio,Power,ratio=0.3_dBA=0.10,,
1000,231,769,0.3,0.5,0.5,0.15,0.15,0.0,0.15,0.99996,2.828370555639413e-05,5.80546397299627,1.042663556153524,0.0006696333951801018,0.14993729197980174,0.025865275975433994,50000,3,Power_Ratio,Power,ratio=0.3_dBA=0.15,,
1000,231,769,0.3,0.5,0.5,0.2,0.2,0.0,0.2,1.0,0.0,7.89155869887096,1.0817713887212257,0.0006451346505203089,0.20004825691430372,0.02556697915979476,50000,3,Power_Ratio,Power,ratio=0.3_dBA=0.20,,
1000,167,833,0.2,0.5,0.5,0.05,0.05,0.0,0.05,0.39224,0.0021835190972373016,1.6871849795329261,1.0099364058739704,0.0008893615846248679,0.050166747273759804,0.029827934181727116,50000,3,Power_Ratio,Power,ratio=0.2_dBA=0.05,,
1000,167,833,0.2,0.5,0.5,0.1,0.1,0.0,0.1,0.91976,0.001214920099430411,3.3898972732513544,1.028928437016777,0.0008762261515565502,0.10004605825563759,0.02969630592277961,50000,3,Power_Ratio,Power,ratio=0.2_dBA=0.10,,
1000,167,833,0.2,0.5,0.5,0.15,0.15,0.0,0.15,0.99922,0.00012485123948123247,5.150319382129175,1.0557133339994378,0.0008532000437617356,0.1499886249829273,0.029323386954864618,50000,3,Power_Ratio,Power,ratio=0.2_dBA=0.15,,
1000,167,833,0.2,0.5,0.5,0.2,0.2,0.0,0.2,1.0,0.0,6.997881754353485,1.0900396118630393,0.0008220865554981786,0.20003454112183794,0.028687623833229484,50000,3,Power_Ratio,Power,ratio=0.2_dBA=0.20,,
1000,91,909,0.1,0.5,0.5,0.05,0.05,0.0,0.05,0.25756,0.0019556218775622245,1.3003094427839887,1.0221043396488345,0.001487913016676713,0.049840605544070896,0.03880188790748245,50000,3,Power_Ratio,Power,ratio=0.1_dBA=0.05,,
1000,91,909,0.1,0.5,0.5,0.1,0.1,0.0,0.1,0.73584,0.0019716972100198345,2.626052376331034,1.0439547511649452,0.0014663075765614945,0.0999425737738609,0.03865817051353999,50000,3,Power_Ratio,Power,ratio=0.1_dBA=0.10,,
1000,91,909,0.1,0.5,0.5,0.15,0.15,0.0,0.15,0.97484,0.0007003852425629764,3.986520404269458,1.0694642872763263,0.0014290872752525305,0.14977676773171822,0.037936218313035196,50000,3,Power_Ratio,Power,ratio=0.1_dBA=0.15,,
1000,91,909,0.1,0.5,0.5,0.2,0.2,0.0,0.2,0.99946,0.00010389498544203035,5.420205571547863,1.1149881439743596,0.001375667735471925,0.19979533492909735,0.03734119299330147,50000,3,Power_Ratio,Power,ratio=0.1_dBA=0.20,,
2000,1000,1000,1.0,0.5,0.5,0.05,0.05,0.0,0.05,0.88522,0.0014255213193775811,3.170991559789444,1.0060610515932096,0.000248490463025,0.04996421,0.01580199082634527,50000,3,Power_Ratio,Power,ratio=1.0_dBA=0.05,,
2000,1000,1000,1.0,0.5,0.5,0.1,0.1,0.0,0.1,1.0,0.0,6.403698043994142,1.0142235386695047,0.000244756033,0.10013972000000002,0.01566275736649202,50000,3,Power_Ratio,Power,ratio=1.0_dBA=0.10,,
2000,1000,1000,1.0,0.5,0.5,0.15,0.15,0.0,0.15,1.0,0.0,9.717169832717367,1.0258243094788246,0.00023851529404499998,0.15000592999999998,0.015404334774182878,50000,3,Power_Ratio,Power,ratio=1.0_dBA=0.15,,
2000,1000,1000,1.0,0.5,0.5,0.2,0.2,0.0,0.2,1.0,0.0,13.19587615343433,1.0566612766591374,0.000229763231005,0.19993323,0.015232151416234675,50000,3,Power_Ratio,Power,ratio=1.0_dBA=0.20,,
2000,667,1333,0.5,0.5,0.5,0.05,0.05,0.0,0.05,0.85064,0.001594061419142939,3.0005951751470095,1.000675407600309,0.00027946442792885483,0.05013130280696112,0.01665281040103375,50000,3,Power_Ratio,Power,ratio=0.5_dBA=0.05,,
2000,667,1333,0.5,0.5,0.5,0.1,0.1,0.0,0.1,0.99996,2.828370555639413e-05,6.022655117383849,1.0161968678405768,0.00027519988705059347,0.0998513466485062,0.016605458572784518,50000,3,Power_Ratio,Power,ratio=0.5_dBA=0.10,,
2000,667,1333,0.5,0.5,0.5,0.15,0.15,0.0,0.15,1.0,0.0,9.16145543651588,1.0367628784824334,0.0002681540053588504,0.14993268741473226,0.01643539511872657,50000,3,Power_Ratio,Power,ratio=0.5_dBA=0.15,,
2000,667,1333,0.5,0.5,0.5,0.2,0.2,0.0,0.2,1.0,0.0,12.45880337703137,1.0573787480563308,0.0002583463107307017,0.200129501018433,0.01602459507706887,50000,3,Power_Ratio,Power,ratio=0.5_dBA=0.20,,
2000,462,1538,0.3,0.5,0.5,0.05,0.05,0.0,0.05,0.76058,0.0019083923265408502,2.6743342758537003,1.005660634270039,0.00034944431295530454,0.04994618540973547,0.01869312692900005,50000,3,Power_Ratio,Power,ratio=0.3_dBA=0.05,,
2000,462,1538,0.3,0.5,0.5,0.1,0.1,0.0,0.1,0.99964,8.483753886105219e-05,5.400217735302885,1.0185930614330996,0.00034424723249217487,0.10009687211141699,0.01853381849422888,50000,3,Power_Ratio,Power,ratio=0.3_dBA=0.10,,
2000,462,1538,0.3,0.5,0.5,0.15,0.15,0.0,0.15,1.0,0.0,8.207130467237194,1.0428017328411818,0.0003353028567610141,0.15013589710029893,0.018319245669670896,50000,3,Power_Ratio,Power,ratio=0.3_dBA=0.15,,
2000,462,1538,0.3,0.5,0.5,0.2,0.2,0.0,0.2,1.0,0.0,11.137876709869,1.0768803899192732,0.00032306842043394057,0.19999289899740486,0.01799961518537387,50000,3,Power_Ratio,Power,ratio=0.3_dBA=0.20,,
2000,333,1667,0.2,0.5,0.5,0.05,0.05,0.0,0.05,0.6545,0.0021266393676408796,2.3611334769763292,1.0125103859988906,0.0004469797562276652,0.049848323668599606,0.02125521164270042,50000,3,Power_Ratio,Power,ratio=0.2_dBA=0.05,,
2000,333,1667,0.2,0.5,0.5,0.1,0.1,0.0,0.1,0.9979,0.00020472371626169698,4.781004769374042,1.018995551414569,0.000440254802154861,0.10017076382921614,0.020903421520931824,50000,3,Power_Ratio,Power,ratio=0.2_dBA=0.10,,
2000,333,1667,0.2,0.5,0.5,0.15,0.15,0.0,0.15,1.0,0.0,7.243967404027123,1.0520417647527085,0.0004290153113898166,0.1498198589651439,0.02079170137616219,50000,3,Power_Ratio,Power,ratio=0.2_dBA=0.15,,
2000,333,1667,0.2,0.5,0.5,0.2,0.2,0.0,0.2,1.0,0.0,9.854576176958892,1.0860450432840032,0.0004132815165029882,0.2000355489442652,0.0203337308768573,50000,3,Power_Ratio,Power,ratio=0.2_dBA=0.20,,
2000,182,1818,0.1,0.5,0.5,0.05,0.05,0.0,0.05,0.44942,0.0022245973280573725,1.8324871109524603,1.0108641004248766,0.0007479927031134579,0.049968923403329334,0.02735298952109048,50000,3,Power_Ratio,Power,ratio=0.1_dBA=0.05,,
2000,182,1818,0.1,0.5,0.5,0.1,0.1,0.0,0.1,0.95406,0.0009362640268642173,3.693221892497373,1.03732296960088,0.0007364124924000074,0.09991904514077782,0.027360276642579163,50000,3,Power_Ratio,Power,ratio=0.1_dBA=0.10,,
2000,182,1818,0.1,0.5,0.5,0.15,0.15,0.0,0.15,0.99982,5.9994599756971126e-05,5.614945758413255,1.0617558389875525,0.0007178151855478502,0.14997291106033683,0.026811506363419165,50000,3,Power_Ratio,Power,ratio=0.1_dBA=0.15,,
2000,182,1818,0.1,0.5,0.5,0.2,0.2,0.0,0.2,1.0,0.0,7.637370558104959,1.1100871773506853,0.000691491026796642,0.2002057208138396,0.026420285303669206,50000,3,Power_Ratio,Power,ratio=0.1_dBA=0.20,,
5000,2500,2500,1.0,0.5,0.5,0.05,0.05,0.0,0.05,0.99906,0.00013704863370351796,5.0158102833389036,1.003822545853663,9.946768469952001e-05,0.050015559999999994,0.00997776918386069,50000,3,Power_Ratio,Power,ratio=1.0_dBA=0.05,,
5000,2500,2500,1.0,0.5,0.5,0.1,0.1,0.0,0.1,1.0,0.0,10.094039545857518,1.0116422820667113,9.795901823872001e-05,0.09988741599999999,0.009887391569212983,50000,3,Power_Ratio,Power,ratio=1.0_dBA=0.10,,
5000,2500,2500,1.0,0.5,0.5,0.15,0.15,0.0,0.15,1.0,0.0,15.350467048459663,1.0339246365800592,9.546682613696e-05,0.149958232,0.009820787393797709,50000,3,Power_Ratio,Power,ratio=1.0_dBA=0.15,,
5000,2500,2500,1.0,0.5,0.5,0.2,0.2,0.0,0.2,1.0,0.0,20.847837490326878,1.0500035152869474,9.196808404e-05,0.199895108,0.009577724910871893,50000,3,Power_Ratio,Power,ratio=1.0_dBA=0.20,,
5000,1667,3333,0.5,0.5,0.5,0.05,0.05,0.0,0.05,0.99732,0.0002312062974920889,4.732588217664907,1.0031097598649226,0.00011186444093352483,0.05004295492656644,0.010568347271772457,50000,3,Power_Ratio,Power,ratio=0.5_dBA=0.05,,
5000,1667,3333,0.5,0.5,0.5,0.1,0.1,0.0,0.1,1.0,0.0,9.540817398021401,1.0175661656534838,0.00011016676663341208,0.10011631438248805,0.0105181691967091,50000,3,Power_Ratio,Power,ratio=0.5_dBA=0.10,,
5000,1667,3333,0.5,0.5,0.5,0.15,0.15,0.0,0.15,1.0,0.0,14.487035617136724,1.0344797459405968,0.00010736422225676776,0.15007396156592262,0.01037776905531751,50000,3,Power_Ratio,Power,ratio=0.5_dBA=0.15,,
5000,1667,3333,0.5,0.5,0.5,0.2,0.2,0.0,0.2,1.0,0.0,19.671559037259673,1.0605144465267125,0.00010344864672041323,0.2000299623711621,0.01017952764495151,50000,3,Power_Ratio,Power,ratio=0.5_dBA=0.20,,
5000,1154,3846,0.3,0.5,0.5,0.05,0.05,0.0,0.05,0.9888,0.00047062851592312145,4.227135676864837,1.0043466705318227,0.00014001168153180197,0.049998989523879045,0.011823925192061725,50000,3,Power_Ratio,Power,ratio=0.3_dBA=0.05,,
5000,1154,3846,0.3,0.5,0.5,0.1,0.1,0.0,0.1,1.0,0.0,8.519355722572648,1.021281522537895,0.00013788820220629884,0.10000181714374295,0.011785736471647348,50000,3,Power_Ratio,Power,ratio=0.3_dBA=0.10,,
5000,1154,3846,0.3,0.5,0.5,0.15,0.15,0.0,0.15,1.0,0.0,12.941520432471926,1.036859079879824,0.0001343801019709351,0.14996343060516182,0.011550618231577846,50000,3,Power_Ratio,Power,ratio=0.3_dBA=0.15,,
5000,1154,3846,0.3,0.5,0.5,0.2,0.2,0.0,0.2,1.0,0.0,17.581908195190053,1.0700707448866007,0.0001294793321970181,0.19998333026457973,0.011335966230889888,50000,3,Power_Ratio,Power,ratio=0.3_dBA=0.20,,
5000,833,4167,0.2,0.5,0.5,0.05,0.05,0.0,0.05,0.96084,0.0008674848056306228,3.7373882562803327,1.0078124682931526,0.0001789815055465517,0.04997202157176765,0.013403522234003224,50000,3,Power_Ratio,Power,ratio=0.2_dBA=0.05,,
5000,833,4167,0.2,0.5,0.5,0.1,0.1,0.0,0.1,1.0,0.0,7.5355681383092525,1.0177846633659013,0.00017628876794363498,0.0999945534268423,0.013234996059220324,50000,3,Power_Ratio,Power,ratio=0.2_dBA=0.10,,
5000,833,4167,0.2,0.5,0.5,0.15,0.15,0.0,0.15,1.0,0.0,11.450453461208758,1.0504609314340607,0.00017177209770888593,0.14998159450101134,0.013132469536411664,50000,3,Power_Ratio,Power,ratio=0.2_dBA=0.15,,
5000,833,4167,0.2,0.5,0.5,0.2,0.2,0.0,0.2,1.0,0.0,15.552410278787953,1.0930208076134347,0.00016549051405944905,0.1999483902906015,0.012953323924211715,50000,3,Power_Ratio,Power,ratio=0.2_dBA=0.20,,
5000,455,4545,0.1,0.5,0.5,0.05,0.05,0.0,0.05,0.8216,0.0017121532641676679,2.888406827175747,1.011125692853463,0.00030011830325632374,0.04997769999637327,0.017373586026900655,50000,3,Power_Ratio,Power,ratio=0.1_dBA=0.05,,
5000,455,4545,0.1,0.5,0.5,0.1,0.1,0.0,0.1,0.99996,2.828370555639413e-05,5.8243345933222646,1.028963495756029,0.0002956531698208383,0.10002670194272176,0.01725119623668375,50000,3,Power_Ratio,Power,ratio=0.1_dBA=0.10,,
5000,455,4545,0.1,0.5,0.5,0.15,0.15,0.0,0.15,1.0,0.0,8.845166307125513,1.0584533132621914,0.00028803865103974605,0.14993090293644748,0.01697729022558787,50000,3,Power_Ratio,Power,ratio=0.1_dBA=0.15,,
5000,455,4545,0.1,0.5,0.5,0.2,0.2,0.0,0.2,1.0,0.0,12.02165113276669,1.1039873598856205,0.00027742241416878313,0.19998281739382728,0.01670842528567097,50000,3,Power_Ratio,Power,ratio=0.1_dBA=0.20,,
